size_log,side_map,sentiment_num,pnl_sign,abs_pnl,closed_pnl
6.247849432201994,1,0.0,1,34.431363,34.431363
4.605170185988092,0,0.0,1,2.660036,2.660036
4.756688833627001,0,0.0,1,106.142736,106.142736
6.916814123470483,1,0.0,0,0.0,0.0
1.6094379124341003,0,0.0,0,0.0,0.0
